<revhistory>
  <revision>
    <revnumber>1</revnumber>
    <date>November 2017</date>
    <authorinitials>HHPF</authorinitials>
    <revremark>
      Initial version.
    </revremark>
  </revision>
 </revhistory>

<authorgroup>
  <author>
    <firstname>Harald</firstname>
    <surname>Welte</surname>
    <email>hwelte@sysmocom.de</email>
    <authorinitials>HW</authorinitials>
    <affiliation>
      <shortaffil>sysmocom</shortaffil>
      <orgname>sysmocom - s.f.m.c. GmbH</orgname>
      <jobtitle>Managing Director</jobtitle>
    </affiliation>
  </author>
  <author>
    <firstname>Holger</firstname>
    <surname>Freyther</surname>
    <email>hfreyther@sysmocom.de</email>
    <authorinitials>HHPF</authorinitials>
    <affiliation>
      <shortaffil>sysmocom</shortaffil>
      <orgname>sysmocom - s.f.m.c. GmbH</orgname>
      <jobtitle>Co-Founder</jobtitle>
    </affiliation>
  </author>
</authorgroup>

<copyright>
  <year>2013-2017</year>
  <holder>sysmocom - s.f.m.c. GmbH</holder>
</copyright>

<legalnotice>
  <para>
	Permission is granted to copy, distribute and/or modify this
	document under the terms of the GNU Free Documentation License,
	Version 1.3 or any later version published by the Free Software
	Foundation; with no Invariant Sections, no Front-Cover Texts,
	and no Back-Cover Texts.  A copy of the license is included in
	the section entitled "GNU Free Documentation License".
  </para>
  <para>
	The Asciidoc source code of this manual can be found at
	<ulink url="http://git.osmocom.org/osmo-gsm-manuals/">
		http://git.osmocom.org/osmo-gsm-manuals/
	</ulink>
  </para>
</legalnotice>
